{
  "project_info": {
    "project_number": "46877164842",
    "project_id": "womensafetyapp-d536f",
    "storage_bucket": "womensafetyapp-d536f.appspot.com"
  },
  "client": [
    {
      "client_info": {
        "mobilesdk_app_id": "1:46877164842:android:607ef3d1487a84a5f68a53",
        "android_client_info": {
          "package_name": "com.example.womensafetyapp"
        }
      },
      "oauth_client": [
        {
          "client_id": "46877164842-c0t55grrcbd4td402hoko6plfjcgag5h.apps.googleusercontent.com",
          "client_type": 3
        }
      ],
      "api_key": [
        {
          "current_key": "AIzaSyAuq9XhkHxPGePzecJHg63_vBJk7R3G9vA"
        }
      ],
      "services": {
        "appinvite_service": {
          "other_platform_oauth_client": [
            {
              "client_id": "46877164842-c0t55grrcbd4td402hoko6plfjcgag5h.apps.googleusercontent.com",
              "client_type": 3
            }
          ]
        }
      }
    }
  ],
  "configuration_version": "1"
}